X1,X2,S,y
-4.272392191336908,3.2805416168099772,0,1
-3.5868711703897262,-1.683494731312408,0,0
1.0057628343160856,-2.490576173214463,0,0
-2.115904437724678,-1.8180152298536987,0,1
1.1029080890928487,4.584416025629915,0,1
0.08307878599680692,-2.2358508902270335,0,1
1.0781166411615777,-1.192319399612934,0,0
-0.03826099304230295,2.350002439000582,0,1
-1.4957418985877249,0.018050501946650248,0,1
-1.756215786480684,-0.3128683407692473,0,0
0.5131409040025913,-1.9775580975392435,0,1
-0.6776439320583927,-0.47236806170520257,0,1
-1.2753100249686025,-2.3752245727705685,1,1
-2.8424344546082536,-0.3069903913538983,0,1
-0.538113920432027,4.462733577773209,0,1
-4.869535153042088,0.22545300963329784,0,1
0.7408890733264685,2.7192677253451922,0,0
1.0037144135626266,-1.6884274076597237,0,0
1.9522943192186958e-05,1.0847051442980582,0,0
-0.6270163939868177,1.542023476138823,0,1
-3.736181309127527,3.462369331960936,0,0
2.9353560211468257,-0.6713546770476949,0,0
1.2226815591474347,0.09594118373637675,1,0
-1.6582705780295575,0.17542043681666283,0,1
2.00073177310139,-0.7621850350306999,0,0
-0.7513388461579873,-0.14894152578796196,0,1
0.8669926601531417,2.5567584605437363,0,0
-1.2693586103587247,1.0167924853668635,0,0
0.43223201252736404,-3.717224772246995,0,1
-0.8386329643053777,-0.26465779687348673,0,1
-0.0791404793872114,0.6520068667739612,0,1
-4.08064609745743,0.09251104628339381,0,0
-1.355351154656083,-2.8788780534772362,0,1
1.0485928600206973,1.4705591521304051,0,0
-1.3065005355840713,1.6849125631426802,0,0
-0.7630329635301724,0.13297801829228972,0,1
-2.197477893992113,3.1689741127913527,1,0
-5.318898912766977,-0.18290524578131628,0,1
1.3902392100939829,-4.066933092245227,0,0
-0.37893852942476164,-0.1544373307059143,0,1
1.6494060108739632,2.496425841194068,1,0
-0.807784538675879,-2.7690373330717297,0,1
2.734470847854249,2.4357712661125808,0,0
-0.9240106963067609,0.7017769881754926,1,1
0.7637324682533939,1.1325508828849122,0,0
0.40841595782822393,2.813392483322741,0,1
-3.475919008769136,2.0816479067814577,1,1
0.7609439404300009,-0.43427053748975875,1,0
2.347062996989907,-4.687206381999924,0,0
2.323042981481546,0.7721560952071891,0,0
-2.266266547353965,0.8661851093133819,0,1
-0.6081728776026312,5.170589736129099,0,0
3.6706654457296497,0.8813797448302192,1,0
-1.4385076828533545,-1.1668291891580151,0,1
-0.6500992567635722,-1.120469012475594,0,0
-1.8044921361410036,-1.1819445509388908,1,1
-0.5523589845014756,-1.0337677874651736,0,1
-1.3971798998727774,-1.8577838490476384,0,1
5.10087647175932,-2.946346495599771,0,0
-2.042829461044133,0.8647914019592124,0,1
-0.6471601401530479,0.8476494157317613,0,0
1.5983599900700307,2.5252273266496403,0,0
1.5039296984297612,-1.9875219662371817,0,0
2.218286562723296,-3.529835456551511,0,1
-0.22884259406024132,-0.9963483878435171,0,0
-2.121598072660864,1.183333041455358,1,0
-0.3665131475591627,2.0397094587384745,0,0
-2.964930955645342,1.6926237836841596,0,0
0.9958802967336415,0.25300835061301247,0,0
-2.8376211022970685,-0.5035482367396481,0,1
-3.0933492225288326,-4.165303871489899,1,1
6.559490802222799,1.9417226400805465,0,0
3.585185704796568,-0.8580266370196897,0,0
1.3923959592228612,1.394832544553859,0,0
1.2030316273343995,0.007318981428938748,0,0
-0.45649511638806856,-4.139224525330901,0,1
1.2202881728133148,0.8469938008857455,0,0
2.2357734669016835,-0.5484841777270518,0,0
3.4836243769444684,-0.8950017523852916,1,0
-2.5108544366917167,1.8763273425482885,0,1
-0.9366925191164638,-2.5094406142257095,0,0
0.24964729277168907,1.5130042861051045,0,0
0.4828792576833847,0.9948512978494745,1,0
8.217385247610402,1.6422417546238233,0,0
3.0635206326339124,-3.9716915475852903,0,0
0.7301070328816813,1.5481640668093979,0,1
-0.728958183225317,-1.7519589553307895,0,1
0.7930403173734173,-0.6292348713118621,0,1
-1.187511165765214,2.2990011354359647,1,1
2.6711323366814437,0.605258672356198,1,1
-0.9084557094322205,1.0287414349308972,0,1
1.6589168612267877,1.2612439345542406,0,1
-2.9067286993135775,-0.6760355547124557,0,1
0.718266663587609,1.2444408289358657,0,1
1.9215638896864562,1.5167406943335393,0,0
-2.2686369660612367,-1.4148417751275735,0,1
-2.442858330191537,3.6089532831594515,0,1
0.3608196138230927,1.1063285483156242,0,1
2.0660581318552427,-0.6580048694014126,0,1
-2.302005888282297,-0.8530449417105392,0,1
-0.29629438235460354,3.0028738305131557,0,1
1.7391963950898899,-2.174181149684883,1,1
1.32844282679126,1.4697693354819037,0,0
-2.1227314878616763,-0.21703364783796897,0,0
-3.7008079475829527,0.6609761279978403,0,1
-0.6313864206055473,-2.700004205331089,0,1
-1.3963419951657856,0.4799023965457728,0,0
-1.1058988791264444,0.5990536263603167,0,0
1.105327391208398,-1.6808860249829936,0,1
-0.6245413393172875,4.289356178222074,0,0
0.2422111631566573,-1.6936575038837869,0,1
0.12092489800582418,-2.677177759737046,0,0
2.2654921518666966,0.7406096854944803,0,0
2.1716128080441934,1.80435879088118,0,0
0.7805928996215241,1.95101882445713,0,1
0.38314729321555613,-1.3244180235884977,1,0
-2.0470299695960605,-0.8963496466887373,0,1
-5.01091626414879,3.6519889142693382,0,0
-3.428134822192066,-0.15327912799473786,0,1
-2.635134539508075,-4.051187183669174,1,1
-0.16449075006626063,-0.6093331696993141,0,1
-0.3194482602427729,1.0978931196452377,0,0
-1.2367509701753578,0.7575889314139493,0,1
1.026502888618666,-0.6696882509154372,0,0
-0.5670390327266216,1.0768485255812381,0,1
0.11450189304222116,0.3181769733004391,1,0
-4.7488053681325075,0.11703987056134274,0,1
0.7530918220680821,-0.27095952860636424,0,1
0.6718167902187194,3.808751818360506,0,1
0.1707288668453005,1.3306685558444533,0,0
-1.699991005430132,-1.7046835933768356,0,1
-0.9599702230653019,-2.039298198951859,0,1
-0.015202276826591319,-1.8676613228337866,0,0
-0.3499936874695199,-2.8742868644615593,0,1
-3.3044005824831615,-1.3513235780016608,0,1
-2.1341342475666463,-1.3058622902765575,0,1
-1.2241895003356205,-0.7025249221855459,0,1
2.090955975277011,2.7380320488019367,0,1
1.450706518714117,-0.7189489182900601,0,0
2.993903579044972,-3.0622222151848804,1,0
-4.046727878015708,0.5359451529572629,0,0
-0.004412890819323443,-0.2785837655372518,0,1
0.06513093862498277,-3.2811204496096833,0,1
-2.313398341036283,2.46806936272915,1,1
2.0563697983122875,-1.4437594522198065,0,0
3.8663139326981555,-2.141592651274347,0,0
-1.1427632157664853,0.5848641346598711,0,0
-2.389999789849767,-0.9758610883837295,0,1
-0.34614233045094966,-0.7906928023336167,0,0
1.7416815292164185,1.1856135935622494,0,1
-2.1985946182568483,-1.3630612889280513,1,0
0.36013336987042605,-0.13386208799303448,0,0
-1.5754990806386011,0.8495073445505825,0,1
1.639770233068767,-1.2622373651701924,0,1
1.578119297164627,-3.243347605962662,0,0
-3.220998517021926,0.999879527940095,0,0
-1.6690304147709563,-1.9939193741483558,0,0
-0.5267761541009764,-1.354720983486148,1,0
0.6541340760374736,-2.9107188899564975,0,0
-0.7430382487116162,6.321931939091767,0,1
0.2199020256415166,-3.8270464365941708,0,1
1.1996408589164442,1.0987689309183395,1,0
2.7675620697388044,0.29669848680297195,0,1
-1.3070828880690928,2.8176679679249492,1,0
1.4241224548517062,-3.601432081571843,0,1
1.4951978835585356,-0.465794002097554,1,0
2.22129056062825,-0.7466776258729352,0,0
1.5722921396465757,0.38833739131645645,1,1
1.1724081954415322,-0.0407745835441593,0,0
-0.8288171950585912,0.1346268247040435,0,0
1.2635978475687328,0.8351854610525279,0,1
3.230352537023275,0.8512124221866618,0,0
1.270727515474923,4.204458534905138,1,0
0.1322528336690054,1.0711167011671396,0,0
-1.206281584315983,0.08391525839398666,0,1
3.2838292749438938,0.6233954133244416,0,0
2.9023397995630327,-2.129855760157427,0,0
-2.8016909096231224,0.6150510533945223,0,0
-2.7392773452525367,5.3406744895993885,0,0
2.496900596039954,-2.491453106108701,0,0
-0.33433754870076,-1.1532218605700693,0,0
0.8320434981355251,-0.11569452528380028,1,0
1.8637747157846238,2.9366642654392985,0,0
-0.4426418854625841,-2.3463112428855677,0,0
1.1253381562587157,-0.3290301145869111,0,0
2.2897107520012177,-0.3042353736016328,0,0
1.6595780917702165,0.6721319032997167,0,1
-0.3780881029315044,-0.8986572014326487,0,1
1.4270488954022402,5.059469748426895,0,0
1.6752315879320423,-0.26336480650368815,0,0
1.4151857320818784,0.22810775585471757,0,0
-2.561790355885341,0.6196925547695026,0,1
3.096581387925356,-0.6316560863447379,0,1
-2.251807561394812,0.9769933318768406,0,1
3.6618933139692564,1.8803519854754576,0,0
2.037434093786216,4.6047565770847,0,0
3.242185955346211,1.425366546958996,0,0
-0.4174072582250292,0.2752359826099218,1,0
-0.20670433660135018,1.6967011337967142,0,0
-1.7662511222278048,3.0907736529436973,0,1
0.29168014628764266,-0.8002121129543167,0,1
1.6304120828747528,-4.149844730325537,0,0
-1.6688747810882294,-1.3154368942150692,0,1
1.6411286644616525,-0.9783140025212501,0,1
2.8499340681040115,-0.8937157935414879,0,1
1.0422188619531274,-1.4163887603660021,0,0
2.311061179257768,-0.5090609186890094,0,0
1.0378498483247658,-0.9859898229090867,0,0
-2.1730963057680173,-0.4618349945621962,0,1
2.196020077516324,-2.0357561006439115,0,0
-3.058782710992436,-0.6159754734965182,0,1
1.5615087120453532,-2.111679277131627,0,1
-1.08776676273966,0.3686034787967173,0,0
-0.6613516869751551,0.5744164043201617,1,1
2.3790562738086662,0.04240309571424016,0,0
-0.1308193606781508,1.5322318070701908,0,1
-0.12327016924409917,-1.9057943042533174,0,1
-2.0289261270403274,-2.230527926075243,1,1
3.8252013569815513,-0.09052640626412818,0,0
1.1538194356123648,1.4356113902524528,1,1
-1.8779979954777497,1.2575516143993004,0,0
-1.1289868641231553,-4.175614924577449,0,1
-0.43010026335009593,-2.150057127869482,0,0
-0.6759442987288645,0.6864254643930964,1,0
4.565079279095425,-0.991557696428989,1,0
-0.3279256646791895,0.7432443225207298,0,0
0.3730430399720258,-0.31685844837688004,0,1
-2.16585911439419,-1.9132510401298677,0,0
-0.36675347011306286,-2.319613792553216,0,0
-1.3155367248978376,-2.5028968126286557,0,1
2.2489657213849483,-2.995679611015237,0,1
3.804034446601073,-1.1607660761094372,0,0
-2.1098313486998137,-2.3655144086296427,0,1
1.5589601087469958,2.0531959011300898,0,1
-1.6973320022013252,0.6630792962137806,0,1
-0.2991827052957969,-0.48488120026340803,0,1
0.302394350633861,1.5301389619249384,0,0
-3.833261038018243,-4.454682584594925,1,1
0.4133797947630001,-0.14175271191646283,0,1
1.369519937897819,-3.415078101102186,0,0
-1.9731393298576843,3.0870726782071394,0,0
-2.6205410578956307,0.7268679437591741,0,0
-1.5897448891258705,-0.8105725336384606,0,1
-2.7555158629921905,2.372097351372732,0,1
-3.8076422858858625,-2.3962807566341557,0,1
-1.8201312852451075,2.3529083853663924,0,1
0.5984213392453415,1.3585343560480132,0,0
-0.035321359980898984,0.4720818458284972,0,1
0.9880717418705137,3.0925552917352874,1,0
0.4937150169336152,-2.9375515985745637,0,1
2.2941998848238825,0.19111396902374836,0,1
-2.214877452551274,-0.3525722825061972,0,0
-1.9655113330657437,4.173365454995538,1,0
-0.6892473413637534,-4.004158466293512,0,0
0.6064688658174638,-1.6597496894208104,0,0
2.577538813723753,0.26985092434188,0,1
-3.557201282649684,-1.0015829790309083,0,1
-2.1763231376025347,-1.5157111064389348,1,1
-1.2874898003136266,-4.017569054894825,1,1
0.39252578816331923,-1.7517927400299032,1,1
-1.7872184181602087,1.5038047103406669,0,0
3.7938644871045137,-1.2581583015970126,0,0
3.6241710542570647,-4.112531481474078,0,1
1.1254097742307512,-1.1641415149084435,0,1
-0.1480059497481723,-1.9729927279492818,0,0
-1.189444997838138,-0.6296236854226271,0,1
-0.6938810635885964,0.8228870326767431,0,0
4.652781802242365,-1.268106255272911,1,0
-0.30881992471622854,-3.4985776076245623,0,1
-5.039158592737758,2.782324854838763,0,1
-2.658692885009042,-1.4911928285052396,0,1
0.042521699618853555,1.8218350297294859,0,1
0.6305521636796794,3.7324164105260276,0,0
-0.3649952465513578,-3.656532679027819,1,1
0.27791143452113054,0.23890032933010555,0,0
-1.6377984002331374,-0.6652785296948973,0,1
-1.1727759109539164,3.4690326888100977,1,1
-1.2255031153331393,-2.7868840340021515,0,1
0.5588675130897446,-3.644462536881674,0,0
0.8540349151109508,0.8139754982241988,0,1
-1.688616481231063,-1.1196402258557683,1,1
-1.2010408108186428,3.2297464741265167,0,1
0.789906440759307,-2.4076269388894476,0,1
-2.4949448632226794,-0.1550924992571067,0,1
-0.026679502701740198,-1.5366464991866482,1,1
0.582468020001289,-0.3946618962494531,0,0
2.1536592990603727,0.8748204637215854,0,1
-0.1863957326521747,0.2712628321121431,1,0
-1.7654176431483648,1.7694883884027355,0,1
0.7664089269201297,-0.8339882977506471,0,1
0.2355930995106637,-1.0733706176750237,1,0
4.974369150663295,-0.9027221087013019,0,0
1.0376722538229466,0.72889601029265,0,1
-1.5966974580996092,0.01131559426283808,0,0
-0.6418694156647761,0.499027099468593,0,0
0.51261678315446,1.5352501650102572,0,1
1.5660401746804766,-0.8141260936276249,0,0
-1.0497833342403953,-1.1796173668311545,1,0
-1.7250621722532926,-3.485745808485036,0,1
1.2073429212052542,-0.15922690404399306,0,0
-0.422545382858015,-3.315469488866455,0,1
-3.0020801796150685,-5.030878912288384,0,1
-0.20592206252219902,1.338458058480612,0,1
1.1886183140819588,-0.156214674771527,1,1
-2.15747897677118,-0.017963258913756865,0,1
0.0047186686471639835,1.4115050765010249,1,1
1.5317349176774573,-0.5324734759923611,0,1
-0.06937073200243007,1.3923875048740093,0,0
0.9143770416364017,-0.3414031022343795,0,0
-4.337236997806545,-1.3303603321683393,0,0
1.6774259710161254,0.2996559000868133,0,0
1.9063548005916933,-0.6904839299778941,1,1
0.1605412366196082,1.5870491917214353,0,0
1.3756483178418146,0.7833657286404758,0,0
2.177716931882814,2.6706235036626302,0,0
2.780692020218018,-3.3033591995828586,0,0
-0.9726371613686436,-0.6571369399930129,0,1
-0.7292300055968644,-3.275228767293321,1,1
2.602240845108787,-2.002610306265787,0,0
0.19899853064239853,-4.808452105653448,1,0
-1.014147604502201,-0.5160988524420695,0,1
-1.871737828653969,1.4708209229229354,0,1
4.760968920862823,-1.751162660116897,1,0
-1.730419928433323,3.5036363229422474,0,1
1.124082275180296,-0.6321880556687896,0,1
-2.5591137677010343,1.4653000268277445,0,1
0.4263173558917002,3.1050268673483212,0,1
-1.7419042268006453,-0.34712277290550714,0,1
-0.6158707785216292,-0.4336625290524477,0,1
2.115269140860214,1.6847386899982606,0,1
-1.280837819253842,-0.18464657888049296,0,1
-0.4616260162225075,1.778244635776884,0,0
-0.3524921330501098,-2.2359237012674336,0,0
-0.6906165109626687,-0.0955542773819829,0,0
1.8344409553589511,2.5516538016376233,1,0
2.581535923687419,0.7282172369636305,0,1
-1.035868648307146,1.1625724800986723,0,1
-0.3818491293105903,-1.2505070362237467,1,0
0.5785050714005238,0.8005949736977567,0,1
1.7270642013114577,-1.8097637601939436,0,1
-3.34727197091171,0.9983687150952397,0,0
-1.9426644121114918,1.9803053642733304,0,1
-2.216703333817119,-1.1801812009627484,1,1
-3.636504913536206,4.073299877388056,0,1
-0.941613534213797,-0.1919389414104686,0,0
-1.0802920264010416,-0.509022421962198,0,1
1.6273527893164814,0.17626211459687055,0,0
-0.057871691273354474,2.3453651211283244,0,1
-2.7408479658291425,2.2270595806360074,0,0
3.1537803562809876,-2.8133991698272287,0,0
0.5058918518444198,-2.6108668538602493,1,1
-4.259738409608668,-1.7342510093950165,1,1
1.0107297916262614,1.4773036721863542,0,0
-0.7732515617754249,-1.7691554065866983,0,1
-0.9146176568214667,-1.4712810456870096,0,1
-1.298410319123767,-4.856506915733912,0,1
-0.5142499384486378,-0.27395659217669327,0,0
4.324924824244299,1.3151024937898448,0,0
-0.32052511766596825,0.1060529655197788,1,1
0.61671252318636,-1.4445761101287888,0,0
-4.207116685186459,-1.5027496834849103,1,1
-0.4962866709021055,0.187143574256237,0,1
-1.4792141519051725,-1.8915034239826531,0,0
-0.5754074192554527,0.06012011170969976,0,1
1.0945236070216253,-0.5326357367748624,0,1
0.8282074958686929,-2.045976438358918,0,1
1.579045120820849,-0.16149591487613787,0,1
-2.7743388266551254,-0.5533327267521456,0,0
0.1656449606229084,-2.174789593471372,0,0
1.4040270498157132,-0.7122718612729778,0,1
0.8639779618518872,-2.0357254581191344,1,0
0.5754943447122461,1.4089017700180655,0,0
-0.925731752736674,-0.42890550050857407,0,0
-1.185933421762968,0.6232079670596742,0,1
0.020068740533642566,0.9576092178955325,0,1
-0.1606111840749281,-2.5844476223632653,0,1
-2.666807975589039,-0.9396813535075358,0,1
0.8804135925627333,4.485326942646443,0,1
1.6976428973286668,-1.2665223815028748,0,0
-4.091733359182673,0.9889877315377102,0,1
-0.0039058249227894412,-2.46332898138623,0,1
1.7513778603549088,-0.021551283687836358,0,0
-0.8606711073591499,-3.9005541254601326,0,1
1.8982434565481443,0.10181397696746619,0,0
-0.5320421282955798,-1.9578613013961965,0,1
-0.7676196923551365,2.4437005216030028,0,1
1.0144532080606368,3.9796705890105057,1,0
2.096777316824244,0.6655250462482489,0,0
1.768717997790239,0.29777237765445397,0,0
-2.9253566913211198,-1.233688940669849,0,1
0.6426715915601624,-1.8928937286118186,1,1
-1.0602788165312893,-2.518414030726767,0,1
3.355088128083799,-2.662323456722056,1,0
-2.105748217937418,-1.7979709821458574,0,0
1.9222086252351556,2.233031980485556,0,0
-1.1302387672730365,1.1302434690238077,0,0
-1.8067218203192368,-0.01528462207213298,0,0
5.207399335704703,1.8718322999173231,0,0
-0.10173334527182183,-2.668824567644303,0,0
-0.6160054631160518,-2.6578302856134735,0,0
-4.385933405414947,1.1989312308578544,0,1
1.1525502281478368,0.3878568505427645,0,0
1.9870111889580775,-3.3551307645811246,1,0
2.7842602302002657,-2.177503354766618,0,1
0.7485794505591665,0.9028679098051274,0,0
2.148722824876835,3.9922215552150235,0,0
0.6908987401073132,-0.7656061991943293,0,1
-2.2266026245776445,0.516006049209871,0,0
-1.6968289148701172,-2.7169080902252736,1,1
-0.4056814750377197,1.3422935261527185,0,1
-0.6199663497552346,-2.106664022347913,0,0
0.28328290666167033,-2.4882078796976232,1,1
-3.0367452531753485,2.9179419423120105,1,1
0.4857485820366003,3.9604399092996543,0,0
-2.9492559129328586,2.0738356412827366,0,1
-0.35371177756501315,5.359288469700013,0,0
-0.4308483022776183,-0.8889095428139819,0,0
0.8476419212590117,0.3779219901348279,0,1
-0.9182698566680575,1.8234957306314445,0,1
1.3803618472373687,1.7713830059419733,0,0
0.8008376952744429,-1.4193083788049516,0,0
-1.4005561747257285,1.1859855865266535,0,0
-1.8781147333950299,3.3960890183620887,0,1
0.06498943644216562,-1.5883559272673533,0,0
2.075129812919,-0.040386677137613965,0,0
2.3943596708702333,0.42357435552259665,0,1
3.536594863490319,-0.7669703662002344,0,0
-4.368355128502592,-3.032409521964017,0,0
-3.2677672627991106,1.1797886077413788,0,1
3.618289970226042,-0.3900758182544814,1,0
-2.6687171582202547,1.3658427412326306,0,0
0.907403546155271,-0.76232923904177,0,0
0.8158967253408411,0.012820412825746839,0,0
-2.3004353422757404,1.3712354926578583,0,0
-1.0095367482381097,-1.8993777610394513,0,0
-0.4726467820419804,3.1360100048187656,0,1
3.924739292646896,2.8002736687145395,0,0
-0.9900048451475706,-2.0543381512362475,0,0
0.6878854480842542,-0.3240067101210917,0,1
0.27806505360342565,-2.2608081806766305,0,1
-1.772438250301733,-2.1517845477273987,0,0
1.545407479655907,2.1246386273796167,0,0
-1.365247201375353,1.1652276624035416,1,0
1.2830800383854157,-1.479863739606059,0,1
0.019752137962919344,1.6268673477511153,0,1
-2.029325366143543,2.4925634646163157,0,1
-0.41234050380408593,0.11873518926860355,0,1
-0.48869821994469054,-2.9635430941274183,0,1
0.6780749600798807,-0.013654988325161054,0,1
-0.8202734834453327,-0.43988433301349533,0,1
0.8346184465731823,-0.29483416834822646,1,0
-1.0604855052478857,0.16086079769478054,0,1
1.508321945484052,0.07185056491022652,0,1
-1.5923627896677859,1.6617570687137688,0,1
-0.5928171424061724,1.170720197411973,0,0
-0.29192882188017216,-1.8885965514034235,0,1
-2.5502251077655216,-1.8010006277820678,0,1
-0.46828199825946126,-4.505370563504471,1,1
0.7660171597341527,2.1992172522956075,0,1
-0.4843240311264206,-2.2190160017615996,0,1
-3.3339542557613893,0.45063560441996797,0,1
0.8239513784702166,0.11517130117030153,0,0
1.3927223013517163,-1.3448408418733535,0,0
-0.505091764479063,0.5515021803550492,0,0
-0.4520631268037657,0.9744004799366313,0,1
0.9911767906923481,-0.5436422526528851,0,0
-1.9279304266595716,-1.4487548189268467,0,1
2.1910845185116727,-2.408335937817228,0,0
0.1194619066028769,-1.9926503096486052,0,0
4.614230561384354,-1.2690823002430056,1,0
1.267421618020082,-1.936999517165102,1,1
6.383802493290811,-2.6724537318384627,0,0
0.7128716373323342,-2.506129393786167,0,0
1.6384136674195224,-2.5116244303533692,0,0
-0.8870229249859287,-3.190268797717447,0,1
-0.7954115121714718,0.0012573682215953096,0,1
3.4824491139479483,-4.606065639010765,0,0
1.0898236020814789,0.08386190209635866,0,0
-1.2178283915937838,-0.42438827645253485,0,0
0.7813970349547757,-0.0750405965066098,0,1
-0.08810285549263591,-1.5612327814497085,0,0
-0.802053788885541,0.9679649272328249,0,1
-1.8448872573382988,-1.0379493704164282,0,1
0.14685656323030152,0.6519371059067027,0,1
0.7719961510239637,-0.40397748875817846,0,0
-4.068902459565937,1.5229701570356624,0,1
2.0029426601037223,2.3890203258733043,0,0
0.6789195432503978,1.686786014903136,0,1
-0.5943495681369833,-2.228622942589596,0,1
-0.35066155751711986,-0.49938518274180443,0,0
1.983320577841515,1.5859814359865005,0,0
-1.0453101800484241,-0.8580245267002762,1,0
-0.10572947880084671,0.12598535089758175,0,1
2.8090594927671373,-1.0030249697001057,0,1
2.5444892515112807,-2.8037062543087554,0,1
-1.3864511960180326,3.2957503427220716,0,0
0.7464539614853163,0.16386358606952964,0,1
1.1374511871722073,-0.46896533624918557,0,1
0.07022047525017935,0.3935705399393954,0,1
0.39549982735823963,0.6736722724628104,0,1
-1.195314517252873,0.6758732199240842,0,1
-1.460056235411294,1.120044116994572,1,0
-0.3762907794965398,0.4519221532476027,0,1
0.5110839357177391,-1.5170230450780653,0,1
-1.1075930537235577,-0.3282580462641911,1,1
0.8496020856062518,1.8270109671990156,0,0
-0.14848210297391265,-1.3976449047501798,0,1
0.43639154513183864,-0.08386085596314237,1,0
1.4581180948948076,2.3571909527616213,0,0
3.8313577642446606,-3.320809681564102,0,0
-0.9859705137023924,-0.192164913019467,0,1
1.5073158587506386,1.2992723563759745,0,0
0.07186836000682315,1.483228093077732,0,1
-1.1373902745531477,-0.7690666690777513,0,1
0.5554436338132075,-2.161350548420508,0,0
3.0774719878544077,-1.615929973223389,0,0
-2.287601661793603,0.5933902713361289,0,1
-3.841495454200689,-0.8945674357963049,0,0
-0.37061242196731436,2.5071345084707937,0,0
6.018862377113147,0.3032941845273706,0,1
-2.596476708935044,0.48207441385281385,0,0
1.2859084876502145,-1.8634274937331503,0,0
0.652661500523675,3.1046692302269454,0,0
0.9425997865984262,-1.5883001148907172,0,0
-1.137224005953139,-3.2870856227792298,0,1
-0.89380854101008,-1.1804492049438295,0,1
2.727650579483683,-3.1055156656554304,0,1
-3.1601390453753226,0.34856736111295905,0,0
1.1420670377681907,-1.1219972013862913,0,0
0.3502814446835561,1.2927006487229438,0,0
1.433762858777661,0.6965612168772473,0,0
1.0419125366199884,-3.1029205050531212,1,1
1.5567317554084175,0.2453666124074671,0,0
-1.6738649096303981,-0.8149128467336306,0,1
-0.6121382394618796,-1.118266374056017,0,1
-0.35947319174237524,-0.8074968456942737,0,1
-2.920307948925678,4.241565641781449,0,1
0.7230130333422305,4.363462373506038,0,0
-0.5854187560668711,3.1698719512629454,0,1
-0.2938863752976303,3.0788267751224323,0,1
1.7997781880058008,1.4805033679771993,0,1
-0.3864079405708033,0.40399557667269925,0,1
2.6226121686197006,-4.000153391620802,0,0
-1.3963291662665869,-2.513145636827666,0,0
-1.8532159910845238,1.2006207882080309,0,0
1.6357011837059092,-0.4187436877317891,0,0
2.2268324543587683,-1.4865946668436745,0,0
-1.2089166831913694,0.2316342868006109,1,0
0.7854463262117828,-0.27507705901229945,0,0
-2.142668432998083,1.1174254405998485,0,1
3.379762550452699,-0.7579755764182894,0,0
0.04101023779330199,-2.2209851177907702,0,1
-0.01744117997128477,-1.8311181258102491,0,1
0.33409737697813346,3.0825757648816796,1,0
1.0356723137487167,-1.4506307061500032,0,0
1.5976206183680224,-3.4430590331957585,0,1
2.400477704430295,0.5929807688387606,0,0
-2.1288061130165095,-0.6564889855211845,0,1
-1.8217395493862532,3.9643266688725918,0,0
1.1223283961748496,-2.022149500168313,0,1
-1.3542013406543278,0.296454871811232,0,1
-1.15617829751813,0.4473805698932946,0,0
0.7331863954129892,-2.9089196337685888,0,0
1.1996969213078137,3.3137384727565133,0,0
0.6126726076005091,1.2159068739547918,0,1
-1.045483705818102,-1.0358247653799422,0,1
0.5832270079938979,-1.7743945357608986,0,0
-3.2330708066994873,1.6243077058038022,0,0
-1.312597686571866,0.40743694608154696,0,1
0.2011948197001826,0.7883220906908466,0,0
1.1661073527371137,1.0230546505527818,0,1
-0.6056948242692825,1.5999413369629514,1,1
-0.7407387641242441,0.6830440211713823,0,0
-1.2619265354176075,0.13921462312613883,0,1
-1.7201921827865672,2.7426409439820096,0,1
0.6234319287192197,-1.4821027447380917,0,1
-3.589265134522206,-1.4696117494425023,0,0
2.569132107067394,-1.3091517303519626,0,0
1.9206444159374654,-0.4644970640598298,0,0
-0.6936466695295641,-2.1316325804157614,1,1
0.5291573482406501,2.0098883009875665,0,1
1.504540330835601,0.9935939563262426,0,0
-2.11501026160494,0.1408677682444202,0,1
-2.3290535989974117,-1.7521984880474424,0,1
0.6691913972062138,-2.1883330936716128,0,0
0.8902537630101437,-0.7045317988739115,0,1
2.7739802248371386,-0.41180877470011984,1,0
0.872943319615832,1.8870751310947753,1,0
1.038211114164235,1.1438483114301723,0,0
-3.575412070427872,1.6407420725818693,0,0
-3.354042820754687,-1.498052327634954,0,1
-5.028757421995579,-0.8302839395463576,0,1
-1.5042665123675312,-0.6490357819745126,0,0
-2.1290213033568186,-0.5116556454893044,0,1
-1.6276516298972907,-0.5645926009782687,0,0
1.4564736663075166,-4.511878996915216,0,0
-0.2812578144896168,-0.4921755231101106,0,0
-3.2708128665546323,-1.0567059736266673,1,1
2.641932628715366,0.5360235681766314,0,0
-1.3116139265406295,1.2712957768944038,0,0
0.5289672081251745,-2.7441486583711328,1,0
-0.9154931855444747,-0.26924129959332516,0,0
-0.15345678993454392,0.5036580926214292,0,0
-0.16302832935105052,-0.0797870433610012,1,1
-1.2373876350319786,-0.909075006051989,0,0
-1.2082637377512924,0.8403258796836639,0,0
-0.40502276461237297,-1.3350165059461354,0,1
1.3297147152097188,4.670875977046747,0,0
-0.44236085193250624,2.3740728365146015,0,1
-1.20019642079904,0.3043135866696553,1,1
1.7023677870055802,2.138644733590091,0,0
4.158753302473121,-1.0249872668846214,1,0
0.10768775511689484,2.660835156433203,0,1
2.5586410109995628,-1.720433798120759,1,0
-0.028363017435154708,1.9967170418015734,0,1
2.4364008408299354,-1.892337273079393,0,1
0.7093412341061797,-4.433336651093669,1,1
2.026585743548634,3.5154616468325655,0,1
-2.1853326072259094,-0.4365133131635392,0,1
-2.8291573115263438,-0.9168563714833149,0,0
1.085938488091613,1.1701520878503187,0,0
0.810578912476161,-2.7763369506938114,0,1
-1.6825820462317937,3.7311909968523684,0,0
0.4626342331777557,-0.8485017154981689,0,0
0.5058482318163652,-1.1573728344866137,0,0
0.3308965394168921,-1.5251171671011148,0,0
-1.3449282935695697,-3.125255094588822,0,1
3.502993569698115,1.4386693560243047,0,0
1.2491080910448906,1.7388420271790694,0,1
-0.24694769265185654,-2.1591678530054916,0,1
1.0261301333466755,1.381484162076669,0,0
1.07678722862361,-0.7782375826387249,0,0
-3.0141517644233864,1.5880189029438567,0,1
0.8242922133038504,-0.11349304006136703,0,1
-0.46283807536854427,-0.25244896827211505,0,1
-1.1166328668328158,-2.935162845012013,0,0
-0.20729796043546186,-0.8571893062599338,1,1
0.6430118568090006,-0.6134196221476282,0,1
0.5746337761844688,-2.4027316741781126,0,0
0.907829168815237,4.137421762292233,0,0
-0.19191654010866183,1.261943123905714,0,1
1.7550237954472208,0.7154938547178799,1,0
0.49028396946408603,-3.1078966997188937,0,1
-1.6240330634679185,3.092677443895863,0,1
0.41600604057091434,0.42951903894583354,0,1
3.88591128584712,-3.4120821273864204,0,0
2.111383130005243,1.310064261070651,0,0
-3.8792593899339947,-1.255284574565888,0,0
0.8583551433526471,-1.3942967120119436,1,0
-1.5184506832657254,1.220875522509723,0,1
-0.36671461290451574,0.3886717729167654,0,0
-0.3141372013185496,0.2768380350913735,0,1
0.6144411789517541,4.426299146799487,0,0
0.8185233220903174,-1.3922282450292494,0,0
0.77195863864868,0.5278385954345922,0,0
6.621360116495487,-2.8337348321709928,1,0
1.3932333218555057,0.5292230255388601,1,1
3.0687109217644455,-2.0313858975167376,0,1
-2.4532060970017717,0.7126036310896443,0,1
1.6832288886925302,0.8885711249585653,0,1
1.2734243055983838,-0.08255697277584463,1,1
2.0144712278083925,0.26532076486283257,0,0
-0.9997175581260629,2.9424646058575368,1,1
-1.7170721546377752,-3.1978098039465537,0,0
-0.783167617452879,-0.26894602544171936,0,0
-0.12365987917898554,-0.5933440189355257,0,1
0.7555183396043823,-0.6735432804684054,0,1
-1.7322512138134334,2.801044955330287,0,1
-0.3434524924167506,2.190855529093595,0,0
0.35243688587962924,0.9751556187362116,0,1
3.0877531945095336,-3.7055186605288886,0,0
2.256653477725074,0.13399429404559085,0,0
1.748656328933658,-0.8933333532209119,1,1
0.02035310583844148,-0.3027801517932409,0,1
-2.198824248979729,-0.1233730709067243,1,1
3.621063322846483,2.5471115801019795,0,0
2.809975743195489,-0.44620133790952327,0,0
-0.3463764020670072,-0.8791703715161275,0,1
-4.106894211051457,-0.4760297598529681,0,1
-1.4883877251352258,1.7500213069500992,0,0
1.8656837911761455,0.8795527633097904,1,1
-1.7776130874342533,-1.181355904871956,0,0
2.689720952467224,0.6552621591937137,1,0
2.0204103675941942,-0.8854704749877276,0,0
1.9380103778819644,-0.6413823541883471,0,1
-0.9613707511779886,0.5493999136499385,1,0
-1.4386976383033117,-2.290710867530979,0,1
2.72865578049384,1.3955477516355235,1,0
-0.9375129456024877,-0.03454324475408669,0,1
2.269751539193795,-1.017849074324402,0,0
-4.8299373870793865,4.53454780853382,0,1
-2.937916047682375,-0.9118895047320431,0,1
-4.38381596560598,-4.400043977102761,0,1
0.655087448483227,-2.6223361893996437,1,0
1.2661654203433086,-0.3182531303719876,0,1
-0.3321417609948158,1.2306084250678482,0,0
1.3038325755542408,2.7185887358451892,0,0
-2.7651768297011032,-1.4926379796985796,0,1
1.3455305178557104,1.5334885887854983,0,1
-1.0734877386924133,-2.465078286367101,0,1
0.005774821129384751,-5.99352320952545,0,0
-3.3574194880990254,2.243773197646131,0,1
-2.582298093323086,4.081835507471123,0,1
0.22821448911638248,0.5344961818085532,0,0
5.390854728438236,1.7956793639793727,0,0
-0.6394916840974861,-1.11422919400841,0,1
-1.2916657811701502,-4.133803799164484,1,1
0.7339361959247924,0.04142816684574392,0,0
-1.3857965340048561,1.7388003533969287,0,0
-1.2208992164500427,-3.5418242698080493,0,1
-2.236321917904877,-0.14095410176024026,0,1
0.5873155410161619,3.6879132940014254,0,1
-0.8531416076757603,0.977080774925964,0,0
1.9703359808864627,1.1363206373115726,0,0
0.524410771967717,-2.3366157122608935,0,1
-0.8547018715586248,4.26249297566925,1,1
0.2803083438883354,-0.14278704384603863,0,1
-2.4001542297375855,0.42905424170579676,0,1
3.3788573437522933,-1.2639249530019654,0,0
-1.9151181666835186,-0.2069528819506559,0,1
-1.0749874397904184,-1.4015626708701774,1,1
4.230930354399418,1.4535746486695729,0,0
-2.953488162920131,-0.24370424048874556,0,1
1.7163988558778254,-0.7245119754386982,0,0
1.491809574969583,-2.399636292120918,0,0
0.9108597219694472,-0.22978905593609594,0,1
0.9947698887975017,-0.2521320657055668,0,1
-1.4520645436215598,0.6536344001866979,0,0
0.7843456885774341,1.157521986012765,0,1
-2.86574547022194,-1.1362312622122017,0,1
-0.5886464874209693,-0.7036539559297724,0,0
-0.874265130112105,0.03534304225405536,1,1
2.572041513555017,3.2958892668331807,0,1
2.1834172604338766,0.9483217062530651,0,1
-6.65374021491309,-1.4441334007225608,0,1
0.9335840487897414,-1.9739209325913976,0,0
2.0998514653004605,-1.467039628195909,1,0
0.1750946864162681,-1.0096849739818876,0,1
0.39156598712597707,-3.0140805102071964,0,1
-0.7507864063842914,-1.8462717959994217,0,0
-2.3296226517735126,-3.4048913625280224,0,0
1.8185658747580344,-2.364210731612563,0,0
1.2829362583488744,-0.43807615483073953,1,0
0.7532942208802711,-0.20583651099756203,0,1
-0.28005910438624354,-2.7053550440843996,0,0
5.102276241879803,1.8881796940553726,0,0
1.7751775868004211,-4.622296644640158,0,0
-1.5700922610488675,-1.6693293502722708,0,1
0.15329780374874302,-1.5894476607551173,0,0
1.0280581966153646,-0.024524056509811282,0,1
1.3632079431730917,2.0129864378454574,0,0
-1.8840692237238421,-1.4668501329306174,0,1
-2.0704994187152144,1.4170550664057546,0,0
-0.4372357592890798,-1.1115602894116285,0,0
-2.7809743378104907,0.47203682262848506,0,1
-0.2830467472920507,-0.023711456352164734,0,0
-0.9592285096551653,-3.124015222276763,0,0
2.2596968219269256,-0.23551713752616274,0,0
0.2636664056882184,-1.7191163473637796,1,0
2.418441501635923,-1.8874517656493959,0,1
-1.1753586924048787,-2.0052330914235497,0,0
-2.445557816078232,1.2918864095771885,0,1
-1.1658602112255876,-2.302895372225013,0,1
-0.5685233078357735,-0.8247104727718427,0,1
-0.1744728940794412,-1.3961338791272704,0,1
0.23013249409138362,-3.538193089261743,0,1
-2.0581441692334534,1.1758591902911122,0,1
1.43091520996498,-3.785270467036247,0,1
0.5046164493545472,-0.3146184547353679,0,0
2.0499922723692263,-2.3285203732383883,0,0
0.5290455107333204,1.4517246526354162,0,1
-2.9491273320543825,-1.5422064822622847,0,1
1.6411199503657061,-0.6757073850556052,1,0
1.5557303061345078,0.11140558367173085,0,1
-2.956326980423929,-0.004222319853695548,0,1
0.5620963037267535,-1.3180328073966348,1,0
1.8342478556925195,-2.827921095282008,0,0
-0.3131045248844012,-0.8443562937946333,0,0
-1.823039235649339,-3.1000720652401963,0,1
-4.241546672181916,-2.643224083730208,0,0
-0.5577707355587701,-1.3516970103460137,0,0
-0.5053364134374997,-0.6568492421374044,0,1
-1.1246216195169068,0.23582716502749948,0,0
1.4772755939748747,-3.174591152959884,0,0
0.306400232232409,-3.4673386437250655,0,1
4.166118620519051,-2.0382662613645293,0,0
-0.968260682306086,1.5307938990759276,0,1
0.6366414675594189,1.6648863311119608,0,0
2.6289498548204855,-0.7819966491678687,0,0
3.7395972272461107,-1.4587652726110194,0,0
-0.7468417486073818,1.5713175589290374,1,0
-4.8262766834726545,-1.4254092078328282,0,0
-0.5974516864263258,1.4760341532892198,0,1
-1.5635984460730403,1.5380547918045213,0,1
-2.2251781097344736,1.7949199469635944,0,1
1.3746721098059096,-1.1486251916756867,0,1
-0.7024019097010893,-0.5165341636315626,0,1
-0.8993462967836644,-1.2776495590114683,0,1
2.5647303076826033,0.6983152545644008,0,0
0.7610977200421616,-3.204628486671246,0,0
-0.19450584010063188,2.0400233121688127,0,0
0.11576110090852589,-1.1735358011709063,1,0
-0.32403902130807166,1.4690378377889937,0,0
-0.4698604819400059,-4.339700607612218,0,1
-1.6522027147891656,0.15884865450880545,0,1
-3.2323512037774633,-0.12964398397097218,0,1
0.7985326473721971,4.293780733740841,0,1
2.7731533406203748,0.6415508265594816,0,0
-3.6567107631238565,0.45254476786611697,0,1
-3.0154647556131597,-2.21986595119608,0,1
2.085610082746449,-1.6842092890054392,0,1
1.213679822530967,0.26614984894970795,1,0
1.7301147723120267,-0.48795997653793666,0,0
-0.418751414558141,2.946687294240517,0,0
1.286512555771338,0.6288874684389518,0,0
-0.06309474580723752,1.0436139412568837,0,0
-0.29278928420000777,1.1466858170169616,0,1
-0.24949944852326844,-3.4599004251350283,1,0
-3.3787755190005972,-1.38789407434141,1,1
3.9427131732450302,2.7176440146143537,0,0
-0.8248373223675618,-1.6409973392780117,0,0
-1.0312434559503265,-0.4751287865715148,0,0
2.388741580956159,-1.175515242421488,0,1
-3.009667920238773,-1.0529318448999536,0,1
-2.4541724455558054,2.976361185777534,0,1
-0.3339476777853763,0.15818618946514545,0,0
-0.1313447638685783,-3.9209808323381905,0,1
0.44873430815801035,0.9445196017862376,0,1
-0.8524002700993211,0.6786961687833364,0,0
-0.7264490362977065,-0.2416765512580056,0,1
1.5637814661099303,-0.8376817436657114,0,0
0.9849710007079466,0.14255974178862843,1,0
-0.01854296956510141,-1.0332567864414517,0,1
-1.450027524474074,-0.01234392098616421,0,1
2.3667732344556085,0.749513140939902,0,1
2.3998173474599214,0.03990191124032982,1,0
-3.1522951639222425,2.360976270033615,0,0
-0.10709051196901416,2.208551882087328,0,0
1.5131161860599003,1.6980369476221995,1,0
0.9126117415835394,-5.9075110986381825,0,0
1.6750057819754953,0.580814339357513,0,1
1.5228968062515205,1.804512781598688,0,0
0.6636878754249673,1.3259022391166995,0,1
-2.8913501406005913,0.21706694846344446,0,0
1.4373545682417388,1.3200010271229603,0,1
-1.750105598602244,-3.6647169375378974,0,1
-1.1994904656593588,0.09302134549967447,0,0
0.549732841046665,3.2709033463884385,0,0
2.479127624938897,-1.479092701485164,1,0
1.2626383277263928,-0.821817967046549,0,0
1.5864036945044508,-1.34354978173062,0,0
2.591195098636213,-1.1056133558714822,0,0
-0.7167449543664506,-1.8401611821738995,0,0
1.6333342595359919,0.1316448209314923,0,0
0.8552820767156896,1.4902812436607555,0,1
-1.6770248864084467,3.316305262501413,0,1
1.542695482960547,0.4683137473204252,0,0
0.0040541846629101345,-0.5084668251316025,0,0
-1.0569517920324174,1.845024640878812,0,1
0.39114463088822005,-0.036450164788612766,1,1
-1.1059810256195943,0.34488040409218973,0,0
4.082595040777101,0.9275085365397451,0,0
-3.9597505402459623,-4.598942940316301,0,1
1.4276697121620645,-2.7398438401534153,0,1
0.5800166441419001,1.248551361299485,0,0
1.3919868104018835,3.972150158613717,0,1
-0.7898656607576198,0.4580697474868459,0,0
-1.184907779861098,-2.5798668313513144,0,1
-1.5369396808422147,2.9179989334656127,0,1
2.9389581038937664,-1.6079755397600364,0,1
1.6289944752828072,-0.32736664046661473,0,1
1.8108367304135966,-1.749715947842555,0,0
0.6502422106911628,0.30851626121886533,0,0
-1.7238061534526055,-1.091811480199571,0,0
-0.9663198801057998,0.06231640640133303,0,0
3.367487682680119,3.229317900370266,0,0
3.24925125518763,1.2514469194808242,0,0
1.9847179704991527,-1.925397069638192,1,0
0.17233844654619052,2.2814441949730493,1,1
0.7779674673621095,-1.2538540547762835,1,1
1.0337913481932761,0.5012486396641362,0,1
0.4348599687450811,-1.0072493645498872,0,0
1.4147210800621497,-0.24854828911516422,0,1
-1.460486016291357,0.05871888917104897,0,1
1.2228727499480065,2.782312313333557,0,0
2.3739429240228977,-3.4418099749842272,0,0
2.199949029431686,1.2253549827311006,1,0
1.0347515456229106,2.867756587508722,1,0
3.4681170887723782,1.4297146767288669,0,0
-0.11228614997203307,-0.9625920827934888,0,1
0.5708828759599659,0.9200177930699869,0,1
-1.2331736378226328,3.6153059306565063,0,0
3.2396133785668875,1.906525763959537,1,0
3.987932593685989,1.9666404634018895,0,1
-0.5460454915519508,1.980983447890351,0,1
4.229405971483427,-0.28221548618042697,0,0
-2.3657567909467283,2.128621768356605,0,0
-3.244688465289079,-1.8553583397175295,0,1
0.891078395739473,-0.6478468958639186,0,1
3.608624192819604,0.19279262909746697,0,1
1.4402881211815972,2.3914314136836303,0,0
0.2666587558886196,1.1964340064536654,0,0
-3.4599611376354154,4.222608242970074,0,1
0.33402619646825116,-0.37618188133748953,0,0
-1.1167739510311923,0.5441797578264415,0,1
-1.0754867759652835,0.5264535294333527,0,1
-1.2070240815485642,-2.7865043651146983,0,1
-1.47027825653028,-1.5913621616091524,0,0
0.8041585439506405,0.29668461741253227,0,1
-0.9900513098928317,0.6750294266370924,0,0
-1.2349014209772924,-0.06875976492241181,0,0
-0.5582902250623967,0.8354046813721009,1,1
-1.7442098845677452,-0.2929098836238409,0,1
-0.06176065176479965,-2.1831440866863336,0,0
0.10305516673160003,-0.0858538351491118,0,1
1.8414074129697209,-2.202422955986981,0,0
-2.907961614654024,-3.223884976877974,1,1
0.4274438683400028,-1.0666842042187101,0,0
-1.9775561109436768,0.47278289371759924,0,0
1.71396444450876,3.7569434293438744,1,0
2.4699638257890792,-1.2899114693884168,0,1
2.892900914802311,-1.4906661607364913,0,0
0.8365328215757099,1.5420359866989946,0,0
-2.9376437825633785,0.265848110373014,0,1
0.194571217088443,4.357497020705378,0,1
-1.2074004509959446,1.5106741356698805,1,0
-0.3464257144049885,0.16818982009959227,0,1
-1.8578978916541775,1.9600616771758372,1,1
2.4904743515534213,2.3748274980144997,0,0
-3.3989835368233834,-3.7065777301765124,1,1
-0.14697309467761896,2.254787837795882,0,0
1.6055273801782117,-0.5143851681745483,0,1
-1.376902141664185,3.3512165932060323,0,1
2.8372555049634105,-1.460400766983709,0,0
-0.1289053455622188,-0.1873085812331927,1,1
4.150454659414043,1.4124912322114058,0,0
2.2465445902855237,-1.7487281933266376,1,0
0.5553619275140319,-0.21010060725309346,0,0
0.30000152943472896,0.8175997885594987,0,1
-0.13995561737808918,-2.108479267570715,0,0
2.325320813498678,-1.8761187073870123,0,1
-1.5788300213687398,-3.6713714505034236,0,1
0.7052254750763803,0.25124619800413067,1,0
-1.3148337927434568,-1.7359829549384849,0,0
0.3368453779715645,-0.5904776474996046,0,0
-2.05085733691711,0.9061061511621129,0,0
1.8116893127298659,0.7318822934084723,0,1
1.6938244360846397,0.4888636644866143,0,0
3.0925270464262344,1.8195671460416605,0,1
-0.6615892444711536,2.203682059581146,0,1
0.7319179668964606,-1.0050036156413782,0,1
-1.3268374919079948,-0.5657741445238028,0,0
-3.8892115599603407,-1.4990210625366656,0,1
-0.96624509799747,-3.0661605050066885,0,1
-1.7228865111615463,-1.9601563353004519,0,0
-3.0587661844426584,-0.26952215172659416,0,1
0.4183216529932458,0.6893016640016927,0,1
2.2775221168326643,-0.3450725038734472,0,1
-0.9515243867808073,0.010228954322449862,0,1
2.4951898647003246,3.1736044423598675,0,1
-1.1084212416827925,0.8054876751477213,0,0
-0.30235516208464736,1.1506509715910784,0,0
-4.8623383811771586,-0.8395821915828318,0,1
-3.732612028801459,-6.273094192486478,0,1
0.7592563703204745,-1.8379205710142523,0,1
2.5720567046664047,1.5765848022384257,0,0
2.5242860818623636,1.6479884230746424,0,0
-0.9187091344326038,0.7545615184982125,0,0
-3.014999054433828,-2.4071272199362324,0,1
1.000045922623883,3.5757965014010464,0,0
0.43723151673419813,-2.249911243291251,0,1
-0.14261649379024943,1.2129177521121963,1,0
2.059148078137147,0.3131263459914159,1,0
3.4695253696875907,2.1775412665160627,0,0
0.8181532129738548,-0.6856254085266568,0,1
4.83051355876169,-0.8558866806608092,0,1
-0.599667490400669,-1.8143663602402893,0,1
0.5230086721243741,-3.484769371362953,0,0
1.10027603246879,-3.2504469978405153,1,1
1.3027873053083283,-2.9162754973249068,0,0
-2.60601015797765,-1.584542373030707,0,1
0.3054205186635684,-0.5406166716361057,0,1
-2.0843174655913717,-0.453047651458011,0,0
1.0693639126445946,-3.6903891285899624,0,1
2.4745579439860226,-0.11833494146093108,0,1
-5.399211049050322,0.24355508312612859,0,0
-0.46957789262859356,-0.9807647597442509,1,1
-0.751040743856022,-0.9118015451026967,0,1
1.4714413936300124,0.34645101948792373,0,1
1.19745522044152,-0.47126706589991224,0,0
2.5716916784482238,-0.33422231879155545,0,0
1.173298795060096,-0.33771969866892176,0,0
-0.29481329450923094,1.7860606251445614,0,0
1.6905836319957583,0.12711209527138323,0,0
0.2650018149164501,-0.691984842469821,0,0
1.3091735711927956,0.7322718282861117,0,1
1.723922296014875,0.448058300577454,0,0
0.02121059274750825,1.7370264444361323,1,0
-0.24370552799737408,1.5124431299294703,0,1
2.079842070997698,2.96169809849818,1,0
0.41185091443327165,0.6228717565730972,0,0
1.8809056009613598,0.3512832506320894,0,0
1.2134025568738251,0.4104392843130806,0,0
0.04187339589100135,-1.279441510014698,0,0
0.4545142576090392,1.306090827642083,0,0
